CACLGGQGSYEQYF,CASGDAEQFF,CASGDAGDTGQLYF,CASGDAGEDTQYF,CASGDAGENTLYF,CASGDAGEQYF,CASGDAGGAETLYF,CASGDAGGANTEVFF,CASGDAGGAREQYF,CASGDAGGAYAEQFF,CASGDAGGEDTQYF,CASGDAGGGAETLYF,CASGDAGGGTEVFF,CASGDAGGGYAEQFF,CASGDAGGNQDTQYF,CASGDAGGNTEVFF,CASGDAGGNTGQLYF,CASGDAGGRAETLYF,CASGDAGGSAETLYF,CASGDAGGSQNTLYF,CASGDAGGSSYEQYF,CASGDAGGYEQYF,CASGDAGNSDYTF,CASGDAGNTEVFF,CASGDAGQNTLYF,CASGDAGRNSDYTF,CASGDAGSDYTF,CASGDAGSQNTLYF,CASGDAGTTNSDYTF,CASGDAGVQDTQYF,CASGDAGYEQYF,CASGDANSPLYF,CASGDANTEVFF,CASGDAQGNTEVFF,CASGDASAETLYF,CASGDATGGNYAEQFF,CASGDAWGGYEQYF,CASGDAYEQYF,CASGDEGGQNTLYF,CASGDEQYF,CASGDFEQYF,CASGDGGGYEQYF,CASGDGGYEQYF,CASGDGLGANTGQLYF,CASGDGQNTLYF,CASGDGSQNTLYF,CASGDGTANSDYTF,CASGDGTGGYEQYF,CASGDGYEQYF,CASGDLGGAETLYF,CASGDNNQAPLF,CASGDNSGNTLYF,CASGDNYAEQFF,CASGDPANSDYTF,CASGDPGGQDTQYF,CASGDPGGYEQYF,CASGDQDTQYF,CASGDQGYEQYF,CASGDRGANTEVFF,CASGDRGGYAEQFF,CASGDRGNQDTQYF,CASGDRGRAETLYF,CASGDRGRDTQYF,CASGDRGSNERLFF,CASGDRLGVNQDTQYF,CASGDRQYEQYF,CASGDRSSYEQYF,CASGDRVEQYF,CASGDRYEQYF,CASGDSAETLYF,CASGDSQDTQYF,CASGDSQNTLYF,CASGDSSYEQYF,CASGDSYEQYF,CASGDTGGQNTLYF,CASGDTGGSAETLYF,CASGDTNSDYTF,CASGDVEQYF,CASGDVGGSQNTLYF,CASGDWGDYAEQFF,CASGDWGEDTQYF,CASGDWGENTLYF,CASGDWGGNYAEQFF,CASGDWGGQDTQYF,CASGDWGGQNTLYF,CASGDWGGSYEQYF,CASGDWGGYAEQFF,CASGDWGNTGQLYF,CASGDWGNYAEQFF,CASGDWGSSYEQYF,CASGDWGSYEQYF,CASGDWGYEQYF,CASGDYEQYF,CASGEDTQYF,CASGEGQNTLYF,CASGEGTGGYEQYF,CASGEGYEQYF,CASGERGGYEQYF,CASGESSYEQYF,label
412_00,0,0,0,2.63275675960298E-05,0,0.00013163783798,4.73896216728537E-05,3.68585946344417E-05,0,0,0,1.05310270384119E-05,0,8.95137298265013E-05,5.26551351920596E-06,3.68585946344417E-05,1.57965405576179E-05,5.79206487112656E-05,0.000252744648922,3.68585946344417E-05,0.000100044756865,2.63275675960298E-05,5.26551351920596E-06,0.000115841297423,1.05310270384119E-05,3.15930811152358E-05,1.57965405576179E-05,6.84516757496775E-05,5.26551351920596E-06,3.15930811152358E-05,0.000294868757076,1.57965405576179E-05,8.95137298265013E-05,1.57965405576179E-05,2.63275675960298E-05,0,2.63275675960298E-05,0.000173761946134,5.26551351920596E-06,6.84516757496775E-05,0,5.26551351920596E-06,0.000136903351499,1.57965405576179E-05,7.37171892688834E-05,1.05310270384119E-05,6.84516757496775E-05,1.05310270384119E-05,0,3.68585946344417E-05,4.21241081536477E-05,2.10620540768238E-05,0,0,0,2.63275675960298E-05,0.000100044756865,0,2.63275675960298E-05,3.15930811152358E-05,5.26551351920596E-06,0,0,0,2.63275675960298E-05,0,0,0,1.57965405576179E-05,0.000105310270384,0,0,5.26551351920596E-06,3.68585946344417E-05,0,0,0,1.57965405576179E-05,1.05310270384119E-05,0,0,0,0,2.10620540768238E-05,0,0,1.57965405576179E-05,0,5.26551351920596E-06,0,1.57965405576179E-05,0,1.05310270384119E-05,3.68585946344417E-05,0,0,5.26551351920596E-06,0,0,0
427_00,0,2.19242954079563E-05,0,1.09621477039782E-05,0,9.13512308664847E-05,3.28864431119345E-05,0.000116929575509,5.11566892852314E-05,0,0,4.7502640050572E-05,1.82702461732969E-05,0,0,6.94269354585284E-05,0,1.46161969386376E-05,0.000325210381885,4.38485908159127E-05,1.46161969386376E-05,9.13512308664847E-05,4.01945415812533E-05,7.67350339278472E-05,0,0,0,1.09621477039782E-05,1.82702461732969E-05,0,3.28864431119345E-05,0,0.000146161969386,0,0,3.28864431119345E-05,4.7502640050572E-05,5.11566892852314E-05,0,7.30809846931878E-05,0,2.19242954079563E-05,5.84647877545502E-05,6.5772886223869E-05,0,2.19242954079563E-05,0,0,0,6.21188369892096E-05,8.76971816318253E-05,0,2.19242954079563E-05,0,3.65404923465939E-05,1.46161969386376E-05,4.01945415812533E-05,0,0,0,2.19242954079563E-05,0,0,0,0,0,0,3.65404923465939E-05,0.000135199821682,0.000131545772448,4.01945415812533E-05,3.65404923465939E-05,0.000105967427805,7.67350339278472E-05,0,0.000138853870917,0,8.40431323971659E-05,0,5.11566892852314E-05,4.38485908159127E-05,0,0,4.38485908159127E-05,0,0,7.30809846931878E-06,0,0,7.30809846931878E-05,0,4.01945415812533E-05,0.000116929575509,0,2.55783446426157E-05,4.38485908159127E-05,6.21188369892096E-05,0,0,0
440_00,0,5.968011458582E-05,0,1.1936022917164E-05,1.1936022917164E-05,4.7744091668656E-05,4.7744091668656E-05,3.5808068751492E-05,0,0,0,4.7744091668656E-05,0,0,0,4.7744091668656E-05,3.5808068751492E-05,0,0.000346144664598,4.7744091668656E-05,0,7.1616137502984E-05,4.7744091668656E-05,3.5808068751492E-05,1.1936022917164E-05,8.3552160420148E-05,0,0,2.3872045834328E-05,0,0,1.1936022917164E-05,2.3872045834328E-05,0.000143232275006,1.1936022917164E-05,4.7744091668656E-05,0,0.000155168297923,0.000155168297923,5.968011458582E-05,0,0,1.1936022917164E-05,0,0,0,3.5808068751492E-05,2.3872045834328E-05,2.3872045834328E-05,0,9.5488183337312E-05,1.1936022917164E-05,0,0.000226784435426,0,0,2.3872045834328E-05,0,0,0,4.7744091668656E-05,2.3872045834328E-05,7.1616137502984E-05,5.968011458582E-05,0,0.00016710432084,0,1.1936022917164E-05,0,2.3872045834328E-05,8.3552160420148E-05,9.5488183337312E-05,0,1.1936022917164E-05,0,0,0,7.1616137502984E-05,1.1936022917164E-05,0,0,3.5808068751492E-05,4.7744091668656E-05,3.5808068751492E-05,2.3872045834328E-05,7.1616137502984E-05,4.7744091668656E-05,8.3552160420148E-05,0.000143232275006,2.3872045834328E-05,0,4.7744091668656E-05,5.968011458582E-05,0,0.000119360229172,0,0,0,3.5808068751492E-05,0
430_00,0,0,0,0,0,0.000176936759077,1.86249220081391E-05,0,0,0,0,7.44996880325564E-05,2.79373830122086E-05,9.31246100406955E-05,9.31246100406954E-06,0,0,5.58747660244173E-05,6.51872270284868E-05,0.000121061993053,2.79373830122086E-05,9.31246100406955E-05,1.86249220081391E-05,8.38121490366259E-05,9.31246100406954E-06,0,3.72498440162782E-05,0.000121061993053,0,0,1.86249220081391E-05,0,0,0.000130374454057,0,0,0,8.38121490366259E-05,0,3.72498440162782E-05,0,0,0,0.000111749532049,3.72498440162782E-05,4.65623050203477E-05,0.000148999376065,8.38121490366259E-05,0.000111749532049,0,0,8.38121490366259E-05,6.51872270284868E-05,0,0,0,2.79373830122086E-05,0.000121061993053,4.65623050203477E-05,0,8.38121490366259E-05,0,0,0,2.79373830122086E-05,0,3.72498440162782E-05,0.000102437071045,0,9.31246100406954E-06,0,0,5.58747660244173E-05,0,2.79373830122086E-05,0,2.79373830122086E-05,0.000121061993053,0.000111749532049,5.58747660244173E-05,0,1.86249220081391E-05,0,1.86249220081391E-05,0,0,7.44996880325564E-05,0,2.79373830122086E-05,5.58747660244173E-05,3.72498440162782E-05,5.58747660244173E-05,9.31246100406954E-06,3.72498440162782E-05,3.72498440162782E-05,2.79373830122086E-05,0,0,0.000195561681085,0
406_00,0,0,0,1.60127247786241E-05,0,8.00636238931204E-05,0.000144114523008,0,0,0,0,0.000101413923598,0,0,5.33757492620803E-06,1.60127247786241E-05,0,9.60763486717445E-05,0.000160127247786,0,2.13502997048321E-05,0,2.66878746310401E-05,0,0,0,2.13502997048321E-05,2.13502997048321E-05,0,3.73630244834562E-05,0.00019749027227,0,1.06751498524161E-05,3.73630244834562E-05,0,0,0,0.000427005994097,1.06751498524161E-05,8.00636238931204E-05,2.13502997048321E-05,1.60127247786241E-05,0,0,0,2.13502997048321E-05,5.33757492620803E-06,4.80381743358722E-05,4.80381743358722E-05,0,3.20254495572482E-05,0,0,0,0,0,5.33757492620803E-05,0,0,0,9.60763486717445E-05,5.87133241882883E-05,4.27005994096642E-05,0,0,0,0,3.20254495572482E-05,0,1.06751498524161E-05,0,7.47260489669124E-05,0.000304241770794,2.66878746310401E-05,0,1.60127247786241E-05,1.06751498524161E-05,0,0,0,0,5.33757492620803E-06,0,7.47260489669124E-05,8.00636238931204E-05,0,0,0,8.00636238931204E-05,0.000144114523008,0,3.20254495572482E-05,0.000117426648377,0,0,0,0,0,0,0
439_00,0,0,0.000101467753107,0,0,0.000145584167501,3.52931315154429E-05,2.64698486365822E-05,4.85280558337341E-05,0,0,8.3821187349177E-05,1.76465657577215E-05,5.29396972731644E-05,1.76465657577215E-05,1.32349243182911E-05,4.41164143943037E-06,2.64698486365822E-05,0.000127937601743,4.41164143943037E-05,1.32349243182911E-05,8.82328287886074E-06,8.82328287886074E-06,2.20582071971518E-05,8.82328287886074E-06,0,6.17629801520252E-05,6.61746215914555E-05,1.32349243182911E-05,8.82328287886074E-06,0.000163230733259,1.76465657577215E-05,0.000141172526062,0,5.73513387125948E-05,0,3.52931315154429E-05,8.3821187349177E-05,2.64698486365822E-05,7.05862630308859E-05,1.32349243182911E-05,0,0,1.32349243182911E-05,3.52931315154429E-05,0,4.41164143943037E-06,2.20582071971518E-05,4.41164143943037E-06,0,4.41164143943037E-05,2.20582071971518E-05,1.32349243182911E-05,0,0,0,5.73513387125948E-05,4.41164143943037E-06,2.20582071971518E-05,4.85280558337341E-05,4.41164143943037E-06,0,0,6.61746215914555E-05,0,0,1.76465657577215E-05,4.41164143943037E-06,0,0.000101467753107,2.64698486365822E-05,5.29396972731644E-05,1.76465657577215E-05,0.000127937601743,0,7.05862630308859E-05,2.64698486365822E-05,2.20582071971518E-05,0,4.41164143943037E-06,2.64698486365822E-05,0,4.41164143943037E-05,3.08814900760126E-05,0,0,3.97047729548733E-05,0,7.49979044703163E-05,0,8.82328287886074E-06,4.41164143943037E-05,6.17629801520252E-05,5.73513387125948E-05,2.20582071971518E-05,0,4.41164143943037E-05,0,0,0
405_00,0,0,1.7708047422151E-05,0,1.7708047422151E-05,0.000123956331955,9.07537430385239E-05,1.54945414943821E-05,1.99215533499199E-05,0,1.7708047422151E-05,3.76296007720709E-05,4.64836244831464E-05,0,8.8540237110755E-06,0,8.8540237110755E-06,0.000135023861594,0.000117315814172,7.74727074719106E-05,5.75511541219907E-05,8.8540237110755E-06,2.65620711332265E-05,0.000117315814172,2.21350592776887E-05,2.21350592776887E-06,0,9.29672489662927E-05,3.32025889165331E-05,1.7708047422151E-05,4.20566126276086E-05,4.20566126276086E-05,2.43485652054576E-05,0,4.42701185553775E-06,0,2.87755770609954E-05,0,5.53376481942219E-05,5.3124142266453E-05,1.99215533499199E-05,1.7708047422151E-05,7.0832189688604E-05,6.64051778330662E-06,0,3.76296007720709E-05,0,1.54945414943821E-05,2.21350592776887E-06,3.09890829887642E-05,1.32810355666132E-05,3.98431066998397E-05,0,0,4.42701185553775E-06,0,0.000230204616488,6.64051778330662E-06,0,1.7708047422151E-05,5.09106363386841E-05,2.21350592776887E-06,1.32810355666132E-05,0,1.32810355666132E-05,0,3.09890829887642E-05,1.7708047422151E-05,1.32810355666132E-05,4.20566126276086E-05,1.54945414943821E-05,1.32810355666132E-05,4.64836244831464E-05,0.000117315814172,7.74727074719106E-05,0,0,0,3.76296007720709E-05,1.54945414943821E-05,4.64836244831464E-05,5.09106363386841E-05,0,2.21350592776887E-06,7.0832189688604E-05,3.5416094844302E-05,5.75511541219907E-05,2.21350592776887E-06,3.98431066998397E-05,8.41132252552172E-05,6.64051778330662E-06,7.74727074719106E-05,2.21350592776887E-05,1.99215533499199E-05,0,2.43485652054576E-05,1.32810355666132E-05,1.54945414943821E-05,0.000139450873449,0
354_00,0,5.02768819714284E-05,0,2.87296468408162E-05,0,4.30944702612243E-05,3.59120585510203E-05,2.87296468408162E-05,0,0,0,2.87296468408162E-05,0,7.18241171020405E-06,0,2.87296468408162E-05,0,5.74592936816324E-05,5.74592936816324E-05,1.43648234204081E-05,0,6.46417053918365E-05,0,0,2.15472351306122E-05,0,0,3.59120585510203E-05,0,0,1.43648234204081E-05,2.87296468408162E-05,2.15472351306122E-05,0,8.61889405224486E-05,0,0,2.87296468408162E-05,0,5.74592936816324E-05,0.000122100999073,4.30944702612243E-05,6.46417053918365E-05,0,7.18241171020405E-06,2.87296468408162E-05,0,3.59120585510203E-05,0,0,3.59120585510203E-05,0.000165195469335,0,0,5.02768819714284E-05,2.87296468408162E-05,7.18241171020405E-06,0,0,4.30944702612243E-05,0,5.02768819714284E-05,0,0,7.18241171020405E-06,2.87296468408162E-05,0,0,0.000150830645914,7.90065288122446E-05,0,1.43648234204081E-05,2.15472351306122E-05,0.000100553763943,4.30944702612243E-05,5.02768819714284E-05,0,0,0,0,0.000107736175653,0.000186742704465,0,2.15472351306122E-05,0,0,0.000172377881045,0,7.18241171020405E-06,4.30944702612243E-05,7.18241171020405E-06,7.18241171020405E-06,0.000237019586437,4.30944702612243E-05,0,0,5.74592936816324E-05,0,0,0
416_00,0,7.62768481354256E-05,1.84116529982062E-05,5.78651951372194E-05,2.63023614260088E-06,0.000226200308264,8.41675565632283E-05,1.84116529982062E-05,1.31511807130044E-05,3.15628337112106E-05,4.73442505668159E-05,0.000113100154132,1.05209445704035E-05,1.05209445704035E-05,1.57814168556053E-05,5.26047228520177E-06,0,3.41930698538115E-05,0.000218309599836,0.00012099086256,0,0.0001420327517,5.26047228520177E-06,2.36721252834079E-05,0,5.26047228520177E-05,1.05209445704035E-05,2.36721252834079E-05,2.89325975686097E-05,0,0.000373493532249,0,4.73442505668159E-05,0,1.57814168556053E-05,0,7.89070842780265E-06,1.05209445704035E-05,2.63023614260088E-06,5.26047228520177E-05,0,0,2.89325975686097E-05,3.68233059964124E-05,2.63023614260088E-06,0,2.63023614260088E-06,2.63023614260088E-06,1.31511807130044E-05,0,2.63023614260088E-05,0,9.46885011336318E-05,0,2.10418891408071E-05,1.31511807130044E-05,0.000155183932413,0.000126251334845,0,3.68233059964124E-05,0,9.73187372762327E-05,1.05209445704035E-05,5.26047228520177E-06,7.89070842780265E-06,1.31511807130044E-05,0.000149923460128,0,5.26047228520177E-06,2.63023614260088E-05,7.89070842780265E-06,1.31511807130044E-05,1.57814168556053E-05,0,0,2.36721252834079E-05,2.63023614260088E-05,1.05209445704035E-05,1.05209445704035E-05,5.26047228520177E-06,0,2.36721252834079E-05,2.36721252834079E-05,0.000102579209561,2.36721252834079E-05,2.36721252834079E-05,0,1.05209445704035E-05,1.84116529982062E-05,2.63023614260088E-05,0,6.31256674224212E-05,0.000173595585412,4.99744867094168E-05,0,1.05209445704035E-05,0,0,5.26047228520177E-06,0
429_00,0,1.44826787162554E-05,0,0,0,0.000188274823311,7.24133935812768E-06,0,0,2.89653574325107E-05,5.06893755068938E-05,7.24133935812768E-06,3.62066967906384E-05,1.44826787162554E-05,0,2.1724018074383E-05,0.000101378751014,2.1724018074383E-05,5.79307148650214E-05,1.44826787162554E-05,0,0,0,7.24133935812768E-06,0,0,3.62066967906384E-05,0,1.44826787162554E-05,1.44826787162554E-05,7.96547329394045E-05,1.44826787162554E-05,2.89653574325107E-05,0,3.62066967906384E-05,0,0,0,0,0.000152068126521,0,0.00011586142973,2.89653574325107E-05,2.89653574325107E-05,0,0,2.89653574325107E-05,2.89653574325107E-05,5.79307148650214E-05,2.1724018074383E-05,2.89653574325107E-05,2.89653574325107E-05,3.62066967906384E-05,7.24133935812768E-05,0,1.44826787162554E-05,7.24133935812768E-05,0,0,0,0,0,0,0,7.24133935812768E-06,0,7.24133935812768E-05,0,0.000188274823311,7.96547329394045E-05,0,0,1.44826787162554E-05,3.62066967906384E-05,7.24133935812768E-06,4.34480361487661E-05,0,5.06893755068938E-05,7.96547329394045E-05,0,0,0,7.24133935812768E-06,7.24133935812768E-06,0,0,0.000224481520102,0,2.89653574325107E-05,2.1724018074383E-05,0,0,4.34480361487661E-05,0.000137585447804,0,0.000123102769088,0,0,5.06893755068938E-05,0
441_00,0,4.8517546370645E-05,0,1.45552639111935E-05,8.24798288300964E-05,0.000160107903023,3.39622824594515E-05,4.8517546370645E-05,0,0,0,6.30728102818384E-05,4.36657917335805E-05,3.39622824594515E-05,0,2.9110527822387E-05,0,9.70350927412899E-06,2.9110527822387E-05,4.36657917335805E-05,4.36657917335805E-05,9.70350927412899E-06,1.45552639111935E-05,0,2.42587731853225E-05,0.000150404393749,8.73315834671609E-05,0.000276550014313,0,0,0.000126145620564,0,1.9407018548258E-05,0,0,0,0,6.30728102818384E-05,2.42587731853225E-05,2.42587731853225E-05,5.33693010077094E-05,2.42587731853225E-05,0,2.42587731853225E-05,0,1.45552639111935E-05,3.39622824594515E-05,0,0,0,5.82210556447739E-05,2.9110527822387E-05,2.42587731853225E-05,0,0.000135849129838,0,6.30728102818384E-05,0,1.45552639111935E-05,1.45552639111935E-05,0,4.36657917335805E-05,0,0,3.88140370965159E-05,0,8.73315834671609E-05,0,9.70350927412899E-06,1.45552639111935E-05,4.85175463706449E-06,1.45552639111935E-05,0.000101886847378,4.8517546370645E-05,4.36657917335805E-05,0,4.85175463706449E-06,6.30728102818384E-05,1.45552639111935E-05,4.8517546370645E-05,0,0,4.36657917335805E-05,0,0,4.85175463706449E-06,5.82210556447739E-05,0,4.85175463706449E-06,6.79245649189029E-05,0,0.000140700884475,7.27763195559674E-05,3.88140370965159E-05,0,0,0,4.85175463706449E-06,7.27763195559674E-05,0
402_00,0,9.71850811495428E-05,9.40500785318156E-06,3.13500261772719E-06,3.13500261772719E-05,0.000128535107327,3.13500261772719E-05,3.13500261772719E-05,1.88100157063631E-05,1.88100157063631E-05,1.56750130886359E-05,2.19450183240903E-05,3.76200314127262E-05,0,1.25400104709087E-05,1.56750130886359E-05,6.27000523545437E-06,1.88100157063631E-05,9.71850811495428E-05,4.70250392659078E-05,6.27000523545437E-06,0,5.0160041883635E-05,8.15100680609068E-05,3.76200314127262E-05,0,6.27000523545437E-06,2.50800209418175E-05,5.0160041883635E-05,1.88100157063631E-05,5.95650497368165E-05,0,5.95650497368165E-05,9.40500785318156E-06,6.27000523545437E-06,2.19450183240903E-05,1.56750130886359E-05,5.32950445013622E-05,9.40500785318156E-06,5.64300471190894E-05,0,0,3.13500261772719E-05,4.07550340304534E-05,0,9.40500785318156E-06,4.38900366481806E-05,1.56750130886359E-05,4.07550340304534E-05,0,2.50800209418175E-05,0.000131670109945,3.76200314127262E-05,0,4.07550340304534E-05,0,5.32950445013622E-05,8.77800732963612E-05,0,6.27000523545437E-06,3.13500261772719E-06,0,1.56750130886359E-05,4.70250392659078E-05,2.19450183240903E-05,2.19450183240903E-05,0,2.19450183240903E-05,7.21050602077253E-05,6.27000523545437E-05,0,4.70250392659078E-05,9.40500785318156E-06,1.88100157063631E-05,0,0,0,0,9.40500785318156E-06,2.82150235595447E-05,3.4485028794999E-05,1.56750130886359E-05,2.82150235595447E-05,1.88100157063631E-05,4.38900366481806E-05,1.88100157063631E-05,3.13500261772719E-06,2.50800209418175E-05,6.89700575899981E-05,0,1.25400104709087E-05,0,5.32950445013622E-05,9.71850811495428E-05,0,3.13500261772719E-06,0,0,5.0160041883635E-05,0
435_00,0,0,0,0,0,0.000218368475533,1.70157253661926E-05,1.13438169107951E-05,2.55235880492889E-05,2.83595422769876E-06,4.8211221870879E-05,9.92583979694568E-05,0,0,2.55235880492889E-05,5.95550387816741E-05,1.70157253661926E-05,7.65707641478667E-05,0.000130453894474,1.13438169107951E-05,2.26876338215901E-05,8.22426726032642E-05,0,9.07505352863605E-05,1.98516795938914E-05,2.83595422769876E-06,0,1.13438169107951E-05,5.67190845539753E-05,4.53752676431802E-05,8.79145810586617E-05,2.83595422769876E-06,2.83595422769876E-05,1.13438169107951E-05,3.97033591877827E-05,0,0,4.25393134154815E-05,5.67190845539753E-06,7.65707641478667E-05,0,2.83595422769876E-05,6.80629014647704E-05,1.70157253661926E-05,1.41797711384938E-05,3.97033591877827E-05,4.25393134154815E-05,3.11954965046864E-05,3.97033591877827E-05,1.13438169107951E-05,1.98516795938914E-05,3.11954965046864E-05,4.25393134154815E-05,0,2.55235880492889E-05,2.83595422769876E-06,1.70157253661926E-05,0,1.41797711384938E-05,5.95550387816741E-05,0,0,3.40314507323852E-05,3.40314507323852E-05,2.83595422769876E-06,0,2.83595422769876E-05,5.10471760985778E-05,0,5.10471760985778E-05,1.70157253661926E-05,3.97033591877827E-05,6.52269472370716E-05,2.26876338215901E-05,6.52269472370716E-05,0,2.83595422769876E-06,1.13438169107951E-05,2.26876338215901E-05,1.98516795938914E-05,5.67190845539753E-06,1.13438169107951E-05,0,6.23909930093728E-05,9.35864895140593E-05,2.83595422769876E-05,3.97033591877827E-05,0.000102094352197,6.80629014647704E-05,6.80629014647704E-05,0,4.8211221870879E-05,5.67190845539753E-05,2.83595422769876E-05,7.08988556924691E-05,1.13438169107951E-05,2.26876338215901E-05,0,3.40314507323852E-05,0
418_00,0,6.16218880946512E-06,0,0,2.46487552378605E-05,4.31353216662559E-05,2.46487552378605E-05,6.16218880946512E-06,0.000166379097856,0,3.08109440473256E-05,0,0,1.84865664283954E-05,8.01084545230466E-05,4.31353216662559E-05,2.46487552378605E-05,0.00011708158738,0.000129405964999,6.16218880946512E-05,0,8.01084545230466E-05,0,6.16218880946512E-06,1.84865664283954E-05,0,0.00011091939857,8.62706433325117E-05,6.16218880946512E-06,0,0.000166379097856,0,2.46487552378605E-05,0,4.9297510475721E-05,0,0.00011708158738,5.54596992851861E-05,0,6.16218880946512E-06,0,5.54596992851861E-05,0,4.9297510475721E-05,0,0,0,3.08109440473256E-05,2.46487552378605E-05,0,1.23243776189302E-05,3.08109440473256E-05,1.84865664283954E-05,6.16218880946512E-06,0,0,4.9297510475721E-05,6.16218880946512E-06,0,0,1.23243776189302E-05,0,1.84865664283954E-05,6.77840769041164E-05,3.08109440473256E-05,1.23243776189302E-05,4.31353216662559E-05,0,6.16218880946512E-06,0,1.84865664283954E-05,3.08109440473256E-05,2.46487552378605E-05,6.77840769041164E-05,8.62706433325117E-05,6.16218880946512E-06,6.16218880946512E-05,6.16218880946512E-06,6.77840769041164E-05,6.16218880946512E-06,0,9.24328321419768E-05,5.54596992851861E-05,2.46487552378605E-05,1.23243776189302E-05,8.62706433325117E-05,6.77840769041164E-05,0,0,0,3.69731328567907E-05,1.84865664283954E-05,4.31353216662559E-05,0.000141730342618,0.000160216909046,6.16218880946512E-06,0,0,4.31353216662559E-05,0
424_00,0,4.61186068081312E-05,0,4.09943171627833E-05,1.02485792906958E-05,0.000184474427233,0.000117858661843,6.1491475744175E-05,2.04971585813917E-05,4.61186068081312E-05,3.58700275174354E-05,5.12428964534791E-05,0,5.12428964534791E-06,0,1.53728689360437E-05,4.61186068081312E-05,5.12428964534791E-06,0.000133231530779,0.000138355820424,1.02485792906958E-05,0,0,6.66157653895229E-05,0,0,5.12428964534791E-06,2.56214482267396E-05,3.07457378720875E-05,0,3.07457378720875E-05,1.53728689360437E-05,7.17400550348708E-05,5.12428964534791E-06,1.02485792906958E-05,0,2.56214482267396E-05,9.22372136162624E-05,0,1.02485792906958E-05,2.56214482267396E-05,0.000102485792907,4.61186068081312E-05,3.07457378720875E-05,0,1.53728689360437E-05,1.02485792906958E-05,3.58700275174354E-05,1.02485792906958E-05,4.09943171627833E-05,2.04971585813917E-05,0,1.53728689360437E-05,5.12428964534791E-06,3.07457378720875E-05,1.02485792906958E-05,3.58700275174354E-05,5.12428964534791E-06,1.02485792906958E-05,6.66157653895229E-05,1.53728689360437E-05,2.56214482267396E-05,1.02485792906958E-05,0,0,0,0,0,5.63671860988271E-05,0.000107610082552,2.04971585813917E-05,1.02485792906958E-05,1.53728689360437E-05,0.000122982951488,2.04971585813917E-05,0.000102485792907,0,0,0,0,4.09943171627833E-05,1.53728689360437E-05,0,4.09943171627833E-05,1.02485792906958E-05,0,0,5.12428964534791E-06,3.58700275174354E-05,5.12428964534791E-06,4.09943171627833E-05,0.000117858661843,4.61186068081312E-05,5.12428964534791E-06,0,1.02485792906958E-05,1.02485792906958E-05,0,5.12428964534791E-06,0
401_00,0,5.73173827245408E-05,1.22822962981159E-05,4.09409876603863E-06,0,4.91291851924636E-05,3.27527901283091E-05,1.22822962981159E-05,0,6.55055802566181E-05,0,3.68468888943477E-05,1.22822962981159E-05,8.18819753207726E-06,1.63763950641545E-05,1.63763950641545E-05,4.91291851924636E-05,0,0.000110540666683,7.36937777886954E-05,3.68468888943477E-05,4.91291851924636E-05,1.22822962981159E-05,0,6.55055802566181E-05,4.09409876603863E-06,4.09409876603863E-06,9.82583703849272E-05,0,0,2.86586913622704E-05,0,3.27527901283091E-05,3.68468888943477E-05,4.09409876603863E-06,5.32232839585022E-05,0,0.000139199358045,0,8.59760740868113E-05,1.63763950641545E-05,0,2.86586913622704E-05,3.68468888943477E-05,1.63763950641545E-05,1.22822962981159E-05,4.09409876603863E-05,0,2.45645925962318E-05,1.63763950641545E-05,2.04704938301932E-05,4.91291851924636E-05,0,0,0,0,2.04704938301932E-05,2.45645925962318E-05,0,2.45645925962318E-05,5.32232839585022E-05,0,0,0,0,0,4.09409876603863E-06,1.63763950641545E-05,2.45645925962318E-05,2.04704938301932E-05,0,2.04704938301932E-05,0,3.68468888943477E-05,4.91291851924636E-05,0,0,8.59760740868113E-05,0,2.04704938301932E-05,8.59760740868113E-05,4.09409876603863E-06,7.36937777886954E-05,4.09409876603863E-06,1.63763950641545E-05,0,0,0,0.000139199358045,4.09409876603863E-06,8.18819753207726E-06,9.41642716188885E-05,1.22822962981159E-05,2.45645925962318E-05,2.04704938301932E-05,1.22822962981159E-05,3.68468888943477E-05,0,1.22822962981159E-05,1
404_00,0,6.10023037340587E-05,0,3.5883708078858E-06,0,0.000107651124237,2.15302248473148E-05,3.5883708078858E-06,7.17674161577161E-06,2.15302248473148E-05,3.5883708078858E-05,0,4.30604496946296E-05,0,3.5883708078858E-06,1.07651124236574E-05,0,0.000122004607468,5.74139329261729E-05,7.53557869656019E-05,0,0,7.17674161577161E-06,7.17674161577161E-06,0,3.5883708078858E-06,7.17674161577161E-06,0.000125592978276,3.22953372709722E-05,0,0.000150711573931,7.17674161577161E-06,3.22953372709722E-05,7.17674161577161E-06,0,1.7941854039429E-05,0,0.000111239495044,0,5.02371913104013E-05,7.17674161577161E-06,0,5.02371913104013E-05,0,0,3.94720788867438E-05,0,1.7941854039429E-05,0,1.07651124236574E-05,1.7941854039429E-05,0,2.15302248473148E-05,7.53557869656019E-05,0,0,0,0,7.17674161577161E-06,3.5883708078858E-06,7.17674161577161E-05,0,7.17674161577161E-06,7.17674161577161E-06,3.5883708078858E-05,3.22953372709722E-05,0,1.43534832315432E-05,9.68860118129167E-05,5.74139329261729E-05,3.5883708078858E-05,1.07651124236574E-05,1.43534832315432E-05,3.5883708078858E-06,2.87069664630864E-05,3.5883708078858E-06,0,6.81790453498303E-05,1.7941854039429E-05,1.43534832315432E-05,4.66488205025155E-05,0,0,5.74139329261729E-05,1.7941854039429E-05,0,0.000114827865852,3.5883708078858E-05,2.87069664630864E-05,0.000114827865852,0,7.17674161577161E-06,2.15302248473148E-05,0,1.7941854039429E-05,0,1.7941854039429E-05,0,2.51185956552006E-05,1
409_00,0,0,0,5.17864978971956E-05,3.81584721347757E-05,2.99816566773238E-05,0,0,2.18048412198718E-05,0,6.54145236596155E-05,9.81217854894233E-05,0,0,2.72560515248398E-06,1.90792360673879E-05,0,1.63536309149039E-05,0.000248030068876,1.09024206099359E-05,1.36280257624199E-05,5.72377082021636E-05,0,6.54145236596155E-05,0,2.72560515248398E-06,0,5.17864978971956E-05,0,3.27072618298078E-05,0,0.000122652231862,0,0,8.17681545745194E-06,0,0,5.17864978971956E-05,0,2.18048412198718E-05,0,0,1.63536309149039E-05,0,0,5.45121030496796E-06,1.09024206099359E-05,0,0,0,5.72377082021636E-05,0,7.08657339645835E-05,0,0,0,3.27072618298078E-05,4.63352875922277E-05,0,0,5.45121030496796E-05,0,0,8.17681545745194E-06,0,5.45121030496796E-06,8.17681545745194E-06,0,0,5.45121030496796E-06,0,0.000111749811252,0,7.90425494220354E-05,0,2.72560515248398E-06,0,0,5.45121030496796E-06,0,0,0,0.000100847390642,0.000193517965826,6.26889185071316E-05,0.000103572995794,0,4.63352875922277E-05,0,0,0.000149908283387,0.000204420386436,0.000114475416404,2.18048412198718E-05,3.54328669822917E-05,5.45121030496796E-06,2.45304463723558E-05,0,0,1
419_00,0,2.80940307208226E-05,0,0,0,0.000108864369043,0,0.000193146461206,0,0,0,4.21410460812339E-05,0,0,2.10705230406169E-05,0,0,0,5.61880614416452E-05,0,0,6.67233229619537E-05,5.61880614416452E-05,6.32115691218508E-05,0,0,0,0,1.75587692005141E-05,2.45822768807198E-05,0.000305522584089,0,1.40470153604113E-05,2.80940307208226E-05,0,0,0.000175587692005,0.000140470153604,3.51175384010282E-05,0,3.51175384010282E-06,7.02350768020565E-06,3.86292922411311E-05,0.000133446645924,0,1.75587692005141E-05,0,0,0,0.000224752245767,3.51175384010282E-06,7.02350768020565E-06,0,0,0,1.40470153604113E-05,1.75587692005141E-05,6.32115691218508E-05,0,0,0,0,0,0,7.02350768020565E-05,0,0,7.02350768020565E-06,1.40470153604113E-05,2.10705230406169E-05,0,0,3.51175384010282E-06,0,0.000477598522254,0,4.56527999213367E-05,0,0,0,0,0,0.000302010830249,3.51175384010282E-05,0.000424922214652,7.37468306421593E-05,0,6.32115691218508E-05,2.10705230406169E-05,3.51175384010282E-05,0,6.32115691218508E-05,7.72585844822621E-05,0,1.05352615203085E-05,3.51175384010282E-06,0,0.000558368860576,0,1
242_00,0,2.78557351476702E-05,0,4.17836027215053E-05,6.96393378691755E-06,2.08918013607527E-05,6.96393378691755E-06,4.17836027215053E-05,6.96393378691755E-06,2.08918013607527E-05,6.96393378691755E-06,2.08918013607527E-05,4.17836027215053E-05,6.2675404082258E-05,6.2675404082258E-05,2.08918013607527E-05,0,6.96393378691755E-05,7.66032716560931E-05,0,4.87475365084229E-05,2.78557351476702E-05,1.39278675738351E-05,0,0,0,0,6.96393378691755E-05,0,6.96393378691755E-06,5.57114702953404E-05,0,0.000146242609525,5.57114702953404E-05,6.2675404082258E-05,0,6.96393378691755E-06,0,0,7.66032716560931E-05,0,0,6.96393378691755E-06,8.35672054430107E-05,0,2.78557351476702E-05,0,2.78557351476702E-05,1.39278675738351E-05,2.08918013607527E-05,0,0.000118386874378,6.96393378691755E-06,0,0,0,1.39278675738351E-05,0,4.87475365084229E-05,0,6.96393378691755E-05,0,0,0,0,0,0,0,0,6.2675404082258E-05,0.000125350808165,2.08918013607527E-05,4.87475365084229E-05,0,6.96393378691755E-06,0,2.08918013607527E-05,0,5.57114702953404E-05,0,3.48196689345878E-05,8.35672054430107E-05,0,1.39278675738351E-05,0,0,6.96393378691755E-06,0,0,0.000146242609525,0,0,6.96393378691755E-06,0.000111422940591,0,0,6.96393378691755E-06,0,0,0
443_00,0,0,0,0,7.01063162285606E-06,8.41275794742727E-05,2.45372106799962E-05,0,0,0,1.40212632457121E-05,0,2.10318948685682E-05,1.05159474342841E-05,0,3.50531581142803E-06,0,1.75265790571402E-05,0.000175265790571,0,2.45372106799962E-05,0,1.05159474342841E-05,3.50531581142803E-06,0,3.50531581142803E-05,0,5.60850529828485E-05,1.40212632457121E-05,0,6.30956846057046E-05,3.50531581142803E-06,0.000143717948269,0,3.50531581142803E-06,0,0,1.75265790571402E-05,0,7.01063162285606E-06,0,0,5.95903687942765E-05,3.50531581142803E-05,0,0,1.05159474342841E-05,0,2.10318948685682E-05,3.50531581142803E-06,3.50531581142803E-06,6.30956846057046E-05,0,7.01063162285606E-06,1.05159474342841E-05,5.95903687942765E-05,0,0,0,0,0,0,8.41275794742727E-05,1.40212632457121E-05,6.66010004171326E-05,7.01063162285606E-06,3.85584739257083E-05,1.40212632457121E-05,7.01063162285606E-05,3.85584739257083E-05,5.60850529828485E-05,2.10318948685682E-05,3.50531581142803E-05,4.55691055485644E-05,0,2.80425264914243E-05,7.01063162285606E-06,2.45372106799962E-05,7.01063162285606E-06,0,1.75265790571402E-05,0,3.50531581142803E-06,0,7.71169478514167E-05,0.000178771106383,1.40212632457121E-05,0.000108664790154,4.90744213599924E-05,0.000115675421777,1.05159474342841E-05,4.90744213599924E-05,4.20637897371364E-05,3.50531581142803E-06,0,0,0,7.01063162285606E-06,4.55691055485644E-05,0
434_00,0,0,8.45547263555391E-05,8.45547263555391E-06,0,6.93348756115421E-05,0,2.02931343253294E-05,0,6.76437810844313E-05,3.04397014879941E-05,6.76437810844313E-05,6.25704975030989E-05,3.21307960151049E-05,7.7790348247096E-05,7.27170646657636E-05,3.38218905422156E-05,3.38218905422156E-05,7.7790348247096E-05,7.44081591928744E-05,9.3010198991093E-05,0.000126832089533,2.02931343253294E-05,0,3.72040795964372E-05,0,7.60992537199852E-05,0,0,0,0.000150507412913,3.04397014879941E-05,4.05862686506588E-05,1.69109452711078E-06,0.000126832089533,0,0.000148816318386,0,0,0.00020462243778,3.38218905422156E-05,2.19842288524402E-05,3.8895174123548E-05,0,0,0,0,1.01465671626647E-05,0,3.38218905422156E-06,0,0,5.24239303404342E-05,0,0,6.76437810844313E-06,0.000114994427844,1.69109452711078E-05,2.70575124337725E-05,0,0,0.000103156766154,1.35287562168863E-05,0,0,4.39684577048803E-05,8.45547263555391E-06,6.76437810844313E-06,9.47012935182038E-05,1.86020397982186E-05,0.000133596467642,8.11725373013175E-05,4.22773631777696E-05,3.8895174123548E-05,5.07328358133235E-06,0,5.07328358133235E-06,3.21307960151049E-05,0,0,6.76437810844313E-05,0,4.56595522319911E-05,1.69109452711078E-05,3.04397014879941E-05,6.76437810844313E-05,0.000174182736292,3.8895174123548E-05,7.7790348247096E-05,3.8895174123548E-05,0,0.00014036084575,7.94814427742067E-05,0,0,0,4.05862686506588E-05,0,0.000289177164136,1
438_00,0,8.30485460275804E-06,0,2.28383501575846E-05,0,2.90669911096531E-05,3.32194184110322E-05,1.66097092055161E-05,2.69907774589636E-05,0,8.30485460275804E-06,4.77529139658587E-05,0,5.19053412672378E-05,4.15242730137902E-06,6.22864095206853E-05,0,4.15242730137902E-06,0.000174401946658,8.30485460275804E-06,1.03810682534476E-05,4.77529139658587E-05,3.11432047603427E-05,0,0,5.81339822193063E-05,0.000143258741898,6.22864095206853E-05,3.52956320617217E-05,1.24572819041371E-05,3.32194184110322E-05,6.22864095206853E-06,3.52956320617217E-05,0,0,3.94480593631007E-05,0,4.77529139658587E-05,2.07621365068951E-05,9.55058279317175E-05,0,0,0,0,0.000159868451103,3.94480593631007E-05,5.39815549179273E-05,0,2.07621365068951E-06,8.30485460275804E-06,9.55058279317175E-05,8.09723323768909E-05,0,0,0,0.000132877673644,2.28383501575846E-05,3.73718457124112E-05,0,0,3.11432047603427E-05,1.86859228562056E-05,3.11432047603427E-05,1.03810682534476E-05,5.19053412672378E-05,0,0,0,0,1.86859228562056E-05,0,2.28383501575846E-05,6.02101958699958E-05,7.05912641234434E-05,4.98291276165483E-05,3.94480593631007E-05,1.86859228562056E-05,1.03810682534476E-05,0,2.07621365068951E-06,2.90669911096531E-05,0,0,2.28383501575846E-05,7.88961187262014E-05,4.15242730137902E-06,0.000155716023802,0,2.07621365068951E-05,0,0,1.86859228562056E-05,0.000168173305706,0,0,0,1.45334955548266E-05,0,0,0
403_00,0,2.38999547892522E-05,1.19499773946261E-05,2.19082918901478E-05,0,0.000776748530651,0.000125474762644,1.99166289910435E-05,4.38165837802957E-05,0,5.37748982758174E-05,1.99166289910435E-05,3.9833257982087E-06,4.77999095785044E-05,3.78415950829826E-05,3.18666063856696E-05,2.19082918901478E-05,0,0.000187216312516,0.000113524785249,3.9833257982087E-06,0,0,0,0,0,2.78832805874609E-05,1.99166289910435E-06,5.37748982758174E-05,0,0.000149374717433,5.97498869731305E-06,7.16998643677566E-05,3.9833257982087E-06,1.99166289910435E-05,0,0,0.000105558133653,2.19082918901478E-05,1.79249660919391E-05,0,8.36498417623827E-05,2.98749434865652E-05,4.58082466794E-05,3.9833257982087E-05,1.19499773946261E-05,0,0.00015534970613,4.77999095785044E-05,2.38999547892522E-05,3.9833257982087E-06,1.99166289910435E-05,0,0,3.78415950829826E-05,5.97498869731305E-06,4.38165837802957E-05,1.79249660919391E-05,1.99166289910435E-06,0,6.97082014686522E-05,0,0,0,0,7.9666515964174E-06,2.98749434865652E-05,3.78415950829826E-05,6.17415498722348E-05,3.9833257982087E-06,1.99166289910435E-06,3.9833257982087E-05,0.000113524785249,5.97498869731305E-05,7.76748530650696E-05,3.9833257982087E-06,9.95831449552175E-06,2.78832805874609E-05,0,0,1.79249660919391E-05,3.18666063856696E-05,1.19499773946261E-05,9.95831449552175E-06,0.000113524785249,0,9.95831449552174E-05,3.9833257982087E-06,0,0,4.77999095785044E-05,9.95831449552175E-06,0.000169291346424,2.38999547892522E-05,0,3.58499321838783E-05,0,0,6.57248756704435E-05,1
426_00,0,2.43717504332756E-05,5.4159445407279E-06,1.62478336221837E-05,0,7.58232235701906E-05,5.4159445407279E-06,1.62478336221837E-05,3.79116117850953E-05,3.24956672443674E-05,1.08318890814558E-05,7.31152512998267E-05,0,1.08318890814558E-05,1.89558058925477E-05,5.4159445407279E-06,0,2.70797227036395E-06,7.04072790294627E-05,5.95753899480069E-05,4.60355285961872E-05,0.000100194974003,8.12391681109185E-06,1.89558058925477E-05,0,0,8.12391681109185E-06,0,2.70797227036395E-06,2.16637781629116E-05,0.00014893847487,7.58232235701906E-05,3.24956672443674E-05,8.12391681109185E-06,2.16637781629116E-05,0,2.97876949740035E-05,2.97876949740035E-05,0,8.12391681109185E-05,0,0,1.08318890814558E-05,0,5.4159445407279E-06,3.24956672443674E-05,7.04072790294627E-05,4.33275563258232E-05,2.70797227036395E-06,3.24956672443674E-05,0,8.12391681109185E-06,2.16637781629116E-05,0,0,0,3.52036395147314E-05,0,4.60355285961872E-05,8.12391681109185E-06,6.49913344887348E-05,2.97876949740035E-05,0,0,0,0,0,1.89558058925477E-05,0,1.89558058925477E-05,4.87435008665511E-05,3.52036395147314E-05,4.33275563258232E-05,6.49913344887348E-05,5.95753899480069E-05,8.12391681109185E-06,5.4159445407279E-06,5.6867417677643E-05,4.06195840554593E-05,0,0,0,5.6867417677643E-05,2.70797227036395E-05,1.35398613518198E-05,0,0,7.85311958405546E-05,2.97876949740035E-05,3.24956672443674E-05,6.76993067590988E-05,1.08318890814558E-05,5.6867417677643E-05,2.16637781629116E-05,1.35398613518198E-05,2.70797227036395E-05,8.12391681109185E-06,0,1.62478336221837E-05,0
421_00,0,1.73921109384783E-05,0,6.95684437539132E-05,4.63789625026088E-05,0.000115947406257,4.05815921897827E-05,1.73921109384783E-05,1.73921109384783E-05,4.05815921897827E-05,0,5.7973703128261E-05,0,0,5.7973703128261E-06,6.95684437539132E-05,6.37710734410871E-05,3.47842218769566E-05,0.000115947406257,9.27579250052176E-05,4.05815921897827E-05,2.31894812513044E-05,8.69605546923915E-05,1.15947406256522E-05,0.000115947406257,0,2.89868515641305E-05,5.7973703128261E-05,0,1.73921109384783E-05,0.000110150035944,4.05815921897827E-05,2.31894812513044E-05,0,1.73921109384783E-05,0,0,2.89868515641305E-05,0,5.21763328154349E-05,2.31894812513044E-05,0,1.73921109384783E-05,1.73921109384783E-05,0,3.47842218769566E-05,0,3.47842218769566E-05,0,0,0,6.95684437539132E-05,0,1.15947406256522E-05,0,4.63789625026088E-05,0.000127542146882,6.95684437539132E-05,0,1.73921109384783E-05,4.05815921897827E-05,0,0,0,0,5.7973703128261E-06,4.05815921897827E-05,0,7.53658140667393E-05,0.000220300071887,3.47842218769566E-05,5.7973703128261E-06,8.69605546923915E-05,0,0,0,0,1.73921109384783E-05,2.89868515641305E-05,0,3.47842218769566E-05,0,0,0,5.7973703128261E-06,0,5.7973703128261E-06,0,2.89868515641305E-05,3.47842218769566E-05,0,0.000115947406257,4.63789625026088E-05,1.15947406256522E-05,8.69605546923915E-05,2.31894812513044E-05,1.15947406256522E-05,0,3.47842218769566E-05,0
431_00,0,0.000148777616845,0,3.71944042112817E-05,4.37581226015079E-06,8.97041513330912E-05,0,0,0.000115959024894,0,7.65767145526388E-05,0.000131274367805,0,0,2.62548735609047E-05,1.75032490406032E-05,0,0,0.000142213898455,8.3140432942865E-05,0,9.84557758533928E-05,0,0,0,0,8.75162452030158E-06,0,4.37581226015079E-06,0,2.18790613007539E-05,0,3.50064980812063E-05,2.18790613007539E-06,0,0,6.56371839022619E-06,0,1.31274367804524E-05,8.09525268127896E-05,1.0939530650377E-05,1.31274367804524E-05,1.53153429105278E-05,0,0,0,0,0.000146589710715,0,9.62678697233174E-05,8.97041513330912E-05,0,4.37581226015079E-05,3.71944042112817E-05,0,0,8.97041513330912E-05,0,0,0,7.87646206827142E-05,0,1.53153429105278E-05,1.96911551706786E-05,0,2.84427796909801E-05,5.68855593819603E-05,0,4.37581226015079E-05,5.03218409917341E-05,4.37581226015079E-05,9.18920574631666E-05,0,5.03218409917341E-05,0,0,4.37581226015079E-06,7.00129961624126E-05,0,0,0,6.78250900323372E-05,3.93823103413571E-05,1.75032490406032E-05,0,0,5.68855593819603E-05,0,0,6.56371839022619E-06,0,7.65767145526388E-05,2.18790613007539E-06,0,2.18790613007539E-06,5.68855593819603E-05,2.40669674308293E-05,0,2.18790613007539E-05,0
408_00,0,7.52269570427209E-05,0,0,6.98536029682408E-05,0.000206874131867,4.29868325958405E-05,0.000145080560011,7.79136340799609E-05,0.000110153758527,0,2.41800933351603E-05,0,1.07467081489601E-05,0,0,0,0,0.000120900466676,3.22401244468804E-05,2.14934162979202E-05,8.06003111172009E-06,5.64202177820406E-05,1.34333851862002E-05,4.03001555586005E-05,1.07467081489601E-05,0,0,0,5.37335407448006E-06,3.49268014841204E-05,0,4.29868325958405E-05,4.03001555586005E-05,8.5973665191681E-05,0.000123587143713,6.98536029682408E-05,0.000102093727415,3.22401244468804E-05,4.29868325958405E-05,8.32869881544409E-05,0,1.61200622234402E-05,6.71669259310007E-05,0,0,0,0,2.68667703724003E-05,0,4.03001555586005E-05,1.61200622234402E-05,0,0,0,0,0,0,2.68667703724003E-06,0,3.49268014841204E-05,0,0,0,3.22401244468804E-05,0,3.22401244468804E-05,0,4.83601866703206E-05,7.79136340799609E-05,0,0.000145080560011,2.14934162979202E-05,1.88067392606802E-05,0,2.14934162979202E-05,6.98536029682408E-05,4.03001555586005E-05,0,0,7.79136340799609E-05,3.76134785213604E-05,0,2.95534474096403E-05,2.41800933351603E-05,4.29868325958405E-05,5.64202177820406E-05,7.25402800054808E-05,0,3.22401244468804E-05,0,8.06003111172009E-06,0,4.03001555586005E-05,0,7.25402800054808E-05,2.95534474096403E-05,0,0,0
423_00,0,4.28937864061012E-05,0,0,2.57362718436607E-05,0.000248783961155,0.0001372601165,0,4.00342006456945E-05,0,5.7191715208135E-06,0,5.7191715208135E-05,0,8.57875728122024E-06,4.28937864061012E-05,2.00171003228472E-05,2.2876686083254E-05,0.000162996388343,3.14554433644742E-05,5.7191715208135E-06,5.7191715208135E-05,1.71575145624405E-05,5.14725436873214E-05,0,0,0,2.85958576040675E-06,2.57362718436607E-05,0,6.8630058249762E-05,2.85958576040675E-06,5.7191715208135E-06,3.14554433644742E-05,0,0,0,0.000105804673135,1.1438343041627E-05,0,8.00684012913889E-05,0,7.14896440101687E-05,0,0,5.43321294477282E-05,0,1.42979288020337E-05,0,0,0,7.43492297705754E-05,3.71746148852877E-05,0,0,0,0.000180153902906,0,5.7191715208135E-06,0,0,0,2.57362718436607E-05,7.43492297705754E-05,0,0,0,6.8630058249762E-05,9.72259158538294E-05,0,6.00513009685417E-05,1.71575145624405E-05,4.28937864061012E-05,4.00342006456945E-05,8.57875728122024E-06,0,5.7191715208135E-06,8.57875728122024E-05,5.7191715208135E-05,0,0,1.1438343041627E-05,1.71575145624405E-05,0,0,3.4315029124881E-05,0,8.57875728122024E-05,0,0,0,0,1.71575145624405E-05,3.71746148852877E-05,0,0,0,0,2.85958576040675E-06,0
432_00,0,3.39443312966735E-05,8.48608282416837E-05,0,0,0,2.54582484725051E-05,0.000127291242363,0,0,0.000118805159538,0,0,1.69721656483367E-05,2.54582484725051E-05,8.48608282416836E-06,9.3346911065852E-05,0,0.000135777325187,0,0,0,0.000195179904956,0,2.54582484725051E-05,0,0.00010183299389,0.000110319076714,0,8.48608282416836E-06,0.000127291242363,4.24304141208418E-05,0,0,0,3.39443312966735E-05,0,8.48608282416837E-05,0,8.48608282416836E-06,0,4.24304141208418E-05,0,0,6.78886625933469E-05,0,0,0,8.48608282416836E-06,4.24304141208418E-05,5.09164969450102E-05,0,0,0,0,0,1.69721656483367E-05,0,0,0,4.24304141208418E-05,0,0,0,0,1.69721656483367E-05,0,0,3.39443312966735E-05,6.78886625933469E-05,0,2.54582484725051E-05,0,0,5.09164969450102E-05,6.78886625933469E-05,0,0,0,0,0,0,0,4.24304141208418E-05,0,0,0.000297012898846,0,0,0,0,0,2.54582484725051E-05,0,0,0,0,0,0,1
428_00,0.000362103302899,2.58645216356724E-05,2.58645216356724E-05,0.000103458086543,0,0.000129322608178,0,5.17290432713447E-05,0,0,0.000103458086543,0.00018105165145,0,0,0,0,0,0,0.000206916173085,0,5.17290432713447E-05,0.00018105165145,2.58645216356724E-05,0.000103458086543,5.17290432713447E-05,0,0,0.00018105165145,0,5.17290432713447E-05,5.17290432713447E-05,0,0,0.000155187129814,0,0,0,0,0,0.000129322608178,2.58645216356724E-05,0,0,0,0,0,0,5.17290432713447E-05,0,0,2.58645216356724E-05,0,0,0,0,5.17290432713447E-05,7.7593564907017E-05,0,7.7593564907017E-05,0,0,5.17290432713447E-05,0,0,0,2.58645216356724E-05,0,5.17290432713447E-05,2.58645216356724E-05,2.58645216356724E-05,2.58645216356724E-05,7.7593564907017E-05,5.17290432713447E-05,0.00018105165145,0,2.58645216356724E-05,0,2.58645216356724E-05,0,7.7593564907017E-05,2.58645216356724E-05,2.58645216356724E-05,0,0.000129322608178,0,0.000129322608178,0,0,0,0,0.000103458086543,5.17290432713447E-05,2.58645216356724E-05,0,0,0,0,0,0,1
